{
	"name": "flypanels",
	"title": "flypanels",
	"description": "Responsive off canvas menu panels",
	"version": "0.12.1",
	"homepage": "https://github.com/SubZane/flyPanels",
	"author": {
		"name": "Andreas Norman",
		"email": "an@andreasnorman.se",
		"url": "http://www.andreasnorman.com"
	},
	"repository": {
		"type": "git",
		"url": "https://github.com/SubZane/flyPanels.git"
	},
	"bugs": "https://github.com/SubZane/flyPanels/issues",
	"licenses": [
		{
			"type": "MIT",
			"url": "https://github.com/SubZane/flyPanels/blob/master/LICENSE-MIT"
		}
	],
	"dependencies": {
		"jquery": "*",
		"kitUtils": "*",
		"fastclick": "*"
	},
	"keywords": []
}
